<?xml version="1.0" encoding="UTF-8"?>
<project-private xmlns="http://www.netbeans.org/ns/project-private/1">
    <editor-bookmarks xmlns="http://www.netbeans.org/ns/editor-bookmarks/2" lastBookmarkId="0"/>
    <open-files xmlns="http://www.netbeans.org/ns/projectui-open-files/2">
        <group>
            <file>file:/Users/CristianoSilva/Downloads/IFRS/4%20Semestre/Programação%20Web%20II/ProgWebI_JDBC_2/src/classes/Empregado.java</file>
            <file>file:/Users/CristianoSilva/Downloads/IFRS/4%20Semestre/Programação%20Web%20II/ProgWebI_JDBC_2/src/dao/EmpregadoDAO.java</file>
        </group>
    </open-files>
</project-private>
