<?xml version="1.0" encoding="UTF-8"?>
<project-private xmlns="http://www.netbeans.org/ns/project-private/1">
    <editor-bookmarks xmlns="http://www.netbeans.org/ns/editor-bookmarks/2" lastBookmarkId="0"/>
    <open-files xmlns="http://www.netbeans.org/ns/projectui-open-files/2">
        <group>
            <file>file:/C:/Users/0729159/Documents/ServletsJSP/src/java/br/edu/ifrs/progweb1/locadora/controller/ServletWeb.java</file>
            <file>file:/C:/Users/0729159/Documents/ServletsJSP/src/java/br/edu/ifrs/progweb1/locadora/model/SocioDAO.java</file>
            <file>file:/C:/Users/0729159/Documents/ServletsJSP/web/js/webvalida.js</file>
            <file>file:/C:/Users/0729159/Documents/ServletsJSP/src/java/br/edu/ifrs/progweb1/locadora/controller/ControllerSocio.java</file>
            <file>file:/C:/Users/0729159/Documents/ServletsJSP/src/java/br/edu/ifrs/progweb1/locadora/model/UsuarioDAO.java</file>
            <file>file:/C:/Users/0729159/Documents/ServletsJSP/src/java/br/edu/ifrs/progweb1/locadora/model/SQLs.java</file>
            <file>file:/C:/Users/0729159/Documents/ServletsJSP/src/java/br/edu/ifrs/progweb1/locadora/controller/ControllerUsuario.java</file>
        </group>
    </open-files>
</project-private>
