<?xml version="1.0" encoding="UTF-8"?>
<project-private xmlns="http://www.netbeans.org/ns/project-private/1">
    <editor-bookmarks xmlns="http://www.netbeans.org/ns/editor-bookmarks/2" lastBookmarkId="0"/>
    <open-files xmlns="http://www.netbeans.org/ns/projectui-open-files/2">
        <group>
            <file>file:/C:/Users/0729159/Downloads/JSP_Aula2/web/Exericio09_Login/Login.jsp</file>
            <file>file:/C:/Users/0729159/Downloads/JSP_Aula2/web/Exercicio08_Nome_Idade/inicio.html</file>
            <file>file:/C:/Users/0729159/Downloads/JSP_Aula2/web/Exericio10_Aluno/ListaDados.jsp</file>
            <file>file:/C:/Users/0729159/Downloads/JSP_Aula2/web/Exericio09_Login/LoginInvalido.jsp</file>
            <file>file:/C:/Users/0729159/Downloads/JSP_Aula2/web/Exemplos/cadCpf.jsp</file>
        </group>
    </open-files>
</project-private>
