<?xml version="1.0" encoding="UTF-8"?>
<project-private xmlns="http://www.netbeans.org/ns/project-private/1">
    <editor-bookmarks xmlns="http://www.netbeans.org/ns/editor-bookmarks/2" lastBookmarkId="0"/>
    <open-files xmlns="http://www.netbeans.org/ns/projectui-open-files/2">
        <group>
            <file>file:/Users/CristianoSilva/NetBeansProjects/Trabalho1_JSF/src/java/classes/Funcionario.java</file>
            <file>file:/Users/CristianoSilva/NetBeansProjects/Trabalho1_JSF/src/java/classes/Usuario.java</file>
            <file>file:/Users/CristianoSilva/NetBeansProjects/Trabalho1_JSF/web/resources/css/estilos.css</file>
            <file>file:/Users/CristianoSilva/NetBeansProjects/Trabalho1_JSF/web/ListarFuncionarios.xhtml</file>
            <file>file:/Users/CristianoSilva/NetBeansProjects/Trabalho1_JSF/web/CadastrarUsuarios.xhtml</file>
            <file>file:/Users/CristianoSilva/NetBeansProjects/Trabalho1_JSF/web/ListarUsuarios.xhtml</file>
            <file>file:/Users/CristianoSilva/NetBeansProjects/Trabalho1_JSF/web/index.xhtml</file>
        </group>
    </open-files>
</project-private>
