<?xml version="1.0" encoding="UTF-8"?>
<project-private xmlns="http://www.netbeans.org/ns/project-private/1">
    <editor-bookmarks xmlns="http://www.netbeans.org/ns/editor-bookmarks/2" lastBookmarkId="0"/>
    <open-files xmlns="http://www.netbeans.org/ns/projectui-open-files/2">
        <group>
            <file>file:/C:/Users/Silvia/Documents/NetBeansProjects/JSP_Aula2/web/Exemplo2.jsp</file>
            <file>file:/C:/Users/Silvia/Documents/NetBeansProjects/JSP_Aula2/src/java/classes/Cpf.java</file>
            <file>file:/C:/Users/Silvia/Documents/NetBeansProjects/JSP_Aula2/web/Exemplo4.jsp</file>
            <file>file:/C:/Users/Silvia/Documents/NetBeansProjects/JSP_Aula2/web/Exemplo1.jsp</file>
            <file>file:/C:/Users/Silvia/Documents/NetBeansProjects/JSP_Aula2/src/java/classes/Livro.java</file>
            <file>file:/C:/Users/Silvia/Documents/NetBeansProjects/JSP_Aula2/web/Exemplo3.jsp</file>
            <file>file:/C:/Users/Silvia/Documents/NetBeansProjects/JSP_Aula2/web/valida.jsp</file>
            <file>file:/C:/Users/Silvia/Documents/NetBeansProjects/JSP_Aula2/web/Exemplo3_PegaDados.jsp</file>
            <file>file:/C:/Users/Silvia/Documents/NetBeansProjects/JSP_Aula2/web/PaginaErro.jsp</file>
            <file>file:/C:/Users/Silvia/Documents/NetBeansProjects/JSP_Aula2/web/mensagem.jsp</file>
            <file>file:/C:/Users/Silvia/Documents/NetBeansProjects/JSP_Aula2/web/Exemplo1_Leitura.jsp</file>
            <file>file:/C:/Users/Silvia/Documents/NetBeansProjects/JSP_Aula2/web/Exemplo4_PegaDados.jsp</file>
            <file>file:/C:/Users/Silvia/Documents/NetBeansProjects/JSP_Aula2/web/cadCpf.jsp</file>
        </group>
    </open-files>
</project-private>
