<?xml version="1.0" encoding="UTF-8"?>
<project-private xmlns="http://www.netbeans.org/ns/project-private/1">
    <editor-bookmarks xmlns="http://www.netbeans.org/ns/editor-bookmarks/2" lastBookmarkId="0"/>
    <open-files xmlns="http://www.netbeans.org/ns/projectui-open-files/2">
        <group>
            <file>file:/C:/Users/Silvia/Documents/NetBeansProjects/ProgWeb2_JPA_Aula2/src/classes/Veiculo.java</file>
            <file>file:/C:/Users/Silvia/Documents/NetBeansProjects/ProgWeb2_JPA_Aula2/src/dao/DAOException.java</file>
            <file>file:/C:/Users/Silvia/Documents/NetBeansProjects/ProgWeb2_JPA_Aula2/src/testes/TesteJPA.java</file>
            <file>file:/C:/Users/Silvia/Documents/NetBeansProjects/ProgWeb2_JPA_Aula2/src/testes/Teste_JPQL_1.java</file>
            <file>file:/C:/Users/Silvia/Documents/NetBeansProjects/ProgWeb2_JPA_Aula2/src/classes/Curso.java</file>
            <file>file:/C:/Users/Silvia/Documents/NetBeansProjects/ProgWeb2_JPA_Aula2/src/dao/PessoaDAO.java</file>
            <file>file:/C:/Users/Silvia/Documents/NetBeansProjects/ProgWeb2_JPA_Aula2/src/META-INF/persistence.xml</file>
            <file>file:/C:/Users/Silvia/Documents/NetBeansProjects/ProgWeb2_JPA_Aula2/src/testes/Teste_JPQL_4.java</file>
            <file>file:/C:/Users/Silvia/Documents/NetBeansProjects/ProgWeb2_JPA_Aula2/src/classes/Pessoa.java</file>
            <file>file:/C:/Users/Silvia/Documents/NetBeansProjects/ProgWeb2_JPA_Aula2/src/testes/Teste_JPQL_2.java</file>
            <file>file:/C:/Users/Silvia/Documents/NetBeansProjects/ProgWeb2_JPA_Aula2/src/classes/Situacao.java</file>
            <file>file:/C:/Users/Silvia/Documents/NetBeansProjects/ProgWeb2_JPA_Aula2/src/classes/SituacaoAluno.java</file>
            <file>file:/C:/Users/Silvia/Documents/NetBeansProjects/ProgWeb2_JPA_Aula2/src/testes/Teste.java</file>
            <file>file:/C:/Users/Silvia/Documents/NetBeansProjects/ProgWeb2_JPA_Aula2/src/dao/JPAUtil.java</file>
            <file>file:/C:/Users/Silvia/Documents/NetBeansProjects/ProgWeb2_JPA_Aula2/src/classes/Categoria.java</file>
            <file>file:/C:/Users/Silvia/Documents/NetBeansProjects/ProgWeb2_JPA_Aula2/src/testes/Teste_JPQL_3.java</file>
            <file>file:/C:/Users/Silvia/Documents/NetBeansProjects/ProgWeb2_JPA_Aula2/src/testes/TesteJPA_DAO.java</file>
        </group>
    </open-files>
</project-private>
