<?xml version="1.0" encoding="UTF-8"?>
<project-private xmlns="http://www.netbeans.org/ns/project-private/1">
    <editor-bookmarks xmlns="http://www.netbeans.org/ns/editor-bookmarks/2" lastBookmarkId="0"/>
    <open-files xmlns="http://www.netbeans.org/ns/projectui-open-files/2">
        <group>
            <file>file:/C:/Users/Silvia/Documents/NetBeansProjects/ProgWeb2_JPA_Aula3/src/dao/BaseDAO.java</file>
            <file>file:/C:/Users/Silvia/Documents/NetBeansProjects/ProgWeb2_JPA_Aula3/src/testes/TesteJPA_DAO.java</file>
            <file>file:/C:/Users/Silvia/Documents/NetBeansProjects/ProgWeb2_JPA_Aula3/src/dao/CursoDAO.java</file>
            <file>file:/C:/Users/Silvia/Documents/NetBeansProjects/ProgWeb2_JPA_Aula3/src/dao/PessoaDAO.java</file>
        </group>
        <group name="IFRS"/>
    </open-files>
</project-private>
