<?xml version="1.0" encoding="UTF-8"?>
<project-private xmlns="http://www.netbeans.org/ns/project-private/1">
    <editor-bookmarks xmlns="http://www.netbeans.org/ns/editor-bookmarks/2" lastBookmarkId="0"/>
    <open-files xmlns="http://www.netbeans.org/ns/projectui-open-files/2">
        <group>
            <file>file:/C:/Users/Silvia/Documents/NetBeansProjects/Servlets/src/java/Exemplo3.java</file>
            <file>file:/C:/Users/Silvia/Documents/NetBeansProjects/Servlets/web/formCadastro.html</file>
            <file>file:/C:/Users/Silvia/Documents/NetBeansProjects/Servlets/src/java/Exemplo5.java</file>
            <file>file:/C:/Users/Silvia/Documents/NetBeansProjects/Servlets/web/WEB-INF/web.xml</file>
            <file>file:/C:/Users/Silvia/Documents/NetBeansProjects/Servlets/src/java/dao/PessoaDAO.java</file>
            <file>file:/C:/Users/Silvia/Documents/NetBeansProjects/Servlets/src/java/Exemplo2.java</file>
            <file>file:/C:/Users/Silvia/Documents/NetBeansProjects/Servlets/src/java/Exemplo6.java</file>
            <file>file:/C:/Users/Silvia/Documents/NetBeansProjects/Servlets/web/index.html</file>
            <file>file:/C:/Users/Silvia/Documents/NetBeansProjects/Servlets/src/java/dao/SQLs.java</file>
            <file>file:/C:/Users/Silvia/Documents/NetBeansProjects/Servlets/web/formCadastro2.html</file>
            <file>file:/C:/Users/Silvia/Documents/NetBeansProjects/Servlets/src/java/Exemplo1.java</file>
            <file>file:/C:/Users/Silvia/Documents/NetBeansProjects/Servlets/src/java/dao/ConnectionFactory.java</file>
            <file>file:/C:/Users/Silvia/Documents/NetBeansProjects/Servlets/src/java/Exemplo4.java</file>
        </group>
    </open-files>
</project-private>
