<?xml version="1.0" encoding="UTF-8"?>
<project-private xmlns="http://www.netbeans.org/ns/project-private/1">
    <editor-bookmarks xmlns="http://www.netbeans.org/ns/editor-bookmarks/2" lastBookmarkId="0"/>
    <open-files xmlns="http://www.netbeans.org/ns/projectui-open-files/2">
        <group>
            <file>file:/Users/CristianoSilva/Downloads/IFRS/4%20Semestre/Programação%20Web%20II/Aula2_ProgWeb2/web/combosaninhados.xhtml</file>
            <file>file:/Users/CristianoSilva/Downloads/IFRS/4%20Semestre/Programação%20Web%20II/Aula2_ProgWeb2/web/layout.xhtml</file>
            <file>file:/Users/CristianoSilva/Downloads/IFRS/4%20Semestre/Programação%20Web%20II/Aula2_ProgWeb2/web/cadastrarAluno.xhtml</file>
            <file>file:/Users/CristianoSilva/Downloads/IFRS/4%20Semestre/Programação%20Web%20II/Aula2_ProgWeb2/web/login.xhtml</file>
            <file>file:/Users/CristianoSilva/Downloads/IFRS/4%20Semestre/Programação%20Web%20II/Aula2_ProgWeb2/web/menu.xhtml</file>
        </group>
    </open-files>
</project-private>
